Ticker,Short Name,Long Name,Asset_Type,Sector,Industry,Exchange,Currency,Description
AAPL,Apple Inc.,Apple Inc.,EQUITY,Technology,Consumer Electronics,NMS,USD,"Apple Inc. designs, manufactures, and markets smartphones, personal computers, tablets, wearables, and accessories worldwide. The company offers iPhone, a line of smartphones; Mac, a line of personal computers; iPad, a line of multi-purpose tablets; and wearables, home, and accessories comprising AirPods, Apple TV, Apple Watch, Beats products, and HomePod. It also provides AppleCare support and cloud services; and operates various platforms, including the App Store that allow customers to discover and download applications and digital content, such as books, music, video, games, and podcasts, as well as advertising services include third-party licensing arrangements and its own advertising platforms. In addition, the company offers various subscription-based services, such as Apple Arcade, a game subscription service; Apple Fitness+, a personalized fitness service; Apple Music, which offers users a curated listening experience with on-demand radio stations; Apple News+, a subscription news and magazine service; Apple TV+, which offers exclusive original content; Apple Card, a co-branded credit card; and Apple Pay, a cashless payment service, as well as licenses its intellectual property. The company serves consumers, and small and mid-sized businesses; and the education, enterprise, and government markets. It distributes third-party applications for its products through the App Store. The company also sells its products through its retail and online stores, and direct sales force; and third-party cellular network carriers, wholesalers, retailers, and resellers. Apple Inc. was founded in 1976 and is headquartered in Cupertino, California."
AGG,iShares Core U.S. Aggregate Bon,iShares Core U.S. Aggregate Bond ETF,ETF,N/A,N/A,PCX,USD,"The index measures the performance of the total U.S. investment-grade bond market. The fund will invest at least 80% of its assets in the component securities of the underlying index and TBAs that have economic characteristics that are substantially identical to the economic characteristics of the component securities of the underlying index, and the fund will invest at least 90% of its assets in fixed income securities of the types included in the underlying index that the advisor believes will help the fund track the underlying index."
AMD,"Advanced Micro Devices, Inc.","Advanced Micro Devices, Inc.",EQUITY,Technology,Semiconductors,NMS,USD,"Advanced Micro Devices, Inc. operates as a semiconductor company worldwide. It operates through Data Center, Client, Gaming, and Embedded segments. The company offers x86 microprocessors and graphics processing units (GPUs) as an accelerated processing unit, chipsets, data center, and professional GPUs; and embedded processors, and semi-custom system-on-chip (SoC) products, microprocessor and SoC development services and technology, data processing unites, field programmable gate arrays (FPGA), and adaptive SoC products. It provides processors under the AMD Ryzen, AMD Ryzen PRO, Ryzen Threadripper, Ryzen Threadripper PRO, AMD Athlon, AMD Athlon PRO, and AMD PRO A-Series brand names; graphics under the AMD Radeon graphics and AMD Embedded Radeon graphics; and professional graphics under the AMD Radeon Pro graphics brand name. In addition, the company offers data center graphics under the Radeon Instinct and Radeon PRO V-series brands, as well as servers under the AMD Instinct accelerators brand; server microprocessors under the AMD EPYC brands; low power solutions under the AMD Athlon, AMD Geode, AMD Ryzen, AMD EPYC, AMD R-Series, and G-Series brands; FPGA products under the Virtex-6, Virtex-7, Virtex UltraScale+, Kintex-7, Kintex UltraScale, Kintex UltraScale+, Artix-7, Artix UltraScale+, Spartan-6, and Spartan-7 brands; adaptive SOCs under the Zynq-7000, Zynq UltraScale+ MPSoC, Zynq UltraScale+ RFSoCs, Versal HBM, Versal Premium, Versal Prime, Versal AI Core, Versal AI Edge, Vitis, and Vivado brands; and compute and network acceleration board products under the Alveo brand. It serves original equipment and design manufacturers, public cloud service providers, system integrators, independent distributors, and add-in-board manufacturers through its direct sales force, and sales representatives. Advanced Micro Devices, Inc. was incorporated in 1969 and is headquartered in Santa Clara, California."
AMGN,Amgen Inc.,Amgen Inc.,EQUITY,Healthcare,Drug Manufacturers - General,NMS,USD,"Amgen Inc. discovers, develops, manufactures, and delivers human therapeutics worldwide. The company's principal products include Enbrel to treat plaque psoriasis, rheumatoid arthritis, and psoriatic arthritis; Otezla for the treatment of adult patients with plaque psoriasis, psoriatic arthritis, and oral ulcers associated with Behçet's disease; Prolia to treat postmenopausal women with osteoporosis; XGEVA for skeletal-related events prevention; Repatha, which reduces the risks of myocardial infarction, stroke, and coronary revascularization; Nplate for the treatment of patients with immune thrombocytopenia; KYPROLIS to treat patients with relapsed or refractory multiple myeloma; Aranesp to treat a lower-than-normal number of red blood cells and anemia; EVENITY for the treatment of osteoporosis in postmenopausal for men and women; Vectibix to treat patients with wild-type RAS metastatic colorectal cancer; BLINCYTO for the treatment of patients with acute lymphoblastic leukemia; TEPEZZA to treat thyroid eye disease; and KRYSTEXXA for the treatment of chronic refractory gout. It also markets other products, including Neulasta, MVASI, AMJEVITA/AMGEVITA, TEZSPIRE, Parsabiv, Aimovig, LUMAKRAS/LUMYKRAS, EPOGEN, KANJINTI, TAVNEOS, RAVICTI, UPLIZNA and PROCYSBI. The company serves healthcare providers, including physicians or their clinics, dialysis centers, hospitals, and pharmacies. It distributes its products through pharmaceutical wholesale distributors, as well as direct-to-consumer channels. The company has collaboration agreements with AstraZeneca plc for the development and commercialization of TEZSPIRE; Novartis Pharma AG to develop and commercialize Aimovig; UCB for the development and commercialization of EVENITY; Kyowa Kirin Co., Ltd. for rocatinlimab development and commercialization; and BeiGene, Ltd. for oncology products expansion and development. Amgen Inc. was incorporated in 1980 and is headquartered in Thousand Oaks, California."
AMZN,"Amazon.com, Inc.","Amazon.com, Inc.",EQUITY,Consumer Cyclical,Internet Retail,NMS,USD,"Amazon.com, Inc. engages in the retail sale of consumer products, advertising, and subscriptions service through online and physical stores in North America and internationally. The company operates through three segments: North America, International, and Amazon Web Services (AWS). It also manufactures and sells electronic devices, including Kindle, Fire tablets, Fire TVs, Echo, Ring, Blink, and eero; and develops and produces media content. In addition, the company offers programs that enable sellers to sell their products in its stores; and programs that allow authors, independent publishers, musicians, filmmakers, Twitch streamers, skill and app developers, and others to publish and sell content. Further, it provides compute, storage, database, analytics, machine learning, and other services, as well as advertising services through programs, such as sponsored ads, display, and video advertising. Additionally, the company offers Amazon Prime, a membership program. The company's products offered through its stores include merchandise and content purchased for resale and products offered by third-party sellers. It serves consumers, sellers, developers, enterprises, content creators, advertisers, and employees. Amazon.com, Inc. was incorporated in 1994 and is headquartered in Seattle, Washington."
ANET,"Arista Networks, Inc.","Arista Networks, Inc.",EQUITY,Technology,Computer Hardware,NYQ,USD,"Arista Networks, Inc. engages in the development, marketing, and sale of data-driven, client to cloud networking solutions for data center, campus, and routing environments in the Americas, Europe, the Middle East, Africa, and the Asia-Pacific. Its cloud networking solutions consist of Extensible Operating System (EOS), a publish-subscribe state-sharing networking operating system offered in combination with a set of network applications. The company offers data center and cloud networking systems, including newer artificial intelligence (AI) ethernet switching platforms; campus wired and wireless products, and routing systems addressing Core Routing, Edge Routing, Data Center Interconnect (DCI), Multi-cloud and Wide Area Networking (WAN) use cases; and a suite of value-add software solutions that leverage EOS to provide end-to-end orchestration, automation, analytics, network monitoring, and security. It also provides post contract customer support services, such as technical support, hardware repair and replacement parts beyond standard warranty, bug fixes, patches, and upgrade services. The company serves a range of industries comprising internet companies, service providers, financial services organizations, government agencies, media and entertainment companies, telecommunication service providers, and others. It markets and sells its products through distributors, system integrators, value-added resellers, and original equipment manufacturer partners, as well as through its direct sales force. The company was formerly known as Arastra, Inc. and changed its name to Arista Networks, Inc. in October 2008. Arista Networks, Inc. was incorporated in 2004 and is headquartered in Santa Clara, California."
ATI,ATI Inc.,ATI Inc.,EQUITY,Industrials,Metal Fabrication,NYQ,USD,"ATI Inc. produces and sells specialty materials and complex components worldwide. It operates in two segments: High Performance Materials & Components (HPMC) and Advanced Alloys & Solutions (AA&S). The HPMC segment produces various materials, including titanium and titanium-based alloys, nickel- and cobalt-based alloys and superalloys, metallic powder alloys, advanced powder alloys and other specialty materials, in long product forms, such as ingot, billet, bar, rod, wire, shapes and rectangles, and seamless tubes, as well as precision forgings, components, and machined parts. The AA&S segment produces zirconium and related alloys, including hafnium and niobium, nickel-based alloys, titanium and titanium-based alloys, and specialty alloys in a variety of forms, such as plate, sheet, and precision rolled strip products. It also provides hot-rolling conversion services, including carbon steel products. ATI Inc. serves to aerospace and defense, energy, automotive, construction and mining, food equipment and appliances, and medical markets. The company was formerly known as Allegheny Technologies Incorporated. ATI Inc. was incorporated in 1996 and is headquartered in Dallas, Texas."
AVGO,Broadcom Inc.,Broadcom Inc.,EQUITY,Technology,Semiconductors,NMS,USD,"Broadcom Inc. designs, develops, and supplies various semiconductor devices with a focus on complex digital and mixed signal complementary metal oxide semiconductor based devices and analog III-V based products worldwide. The company operates in two segments, Semiconductor Solutions and Infrastructure Software. It provides set-top box system-on-chips (SoCs); cable, digital subscriber line, and passive optical networking central office/consumer premise equipment SoCs; wireless local area network access point SoCs; Ethernet switching and routing custom silicon solutions; serializer/deserializer application specific integrated circuits; optical and copper, and physical layer devices; and fiber optic components and RF semiconductor devices. The company also offers RF front end modules and filter; Wi-Fi, Bluetooth, and global positioning system/global navigation satellite system SoCs; custom touch controllers; inductive charging; attached small computer system interface, and redundant array of independent disks controllers and adapters; peripheral component interconnect express; fiber channel host bus adapters; read channel based SoCs; custom flash controllers; preamplifiers; optocouplers, industrial fiber optics, and motion control encoders and subsystems; light emitting diode, ethernet PHYs, switch ICs, and camera microcontrollers. Its products are used in various applications, including enterprise and data center networking, home connectivity, set-top boxes, broadband access, telecommunication equipment, smartphones and base stations, data center servers and storage systems, factory automation, power generation and alternative energy systems, and electronic displays. Broadcom Inc. was founded in 1961 and is headquartered in Palo Alto, California."
BAC,Bank of America Corporation,Bank of America Corporation,EQUITY,Financial Services,Banks - Diversified,NYQ,USD,"Bank of America Corporation, through its subsidiaries, provides banking and financial products and services for individual consumers, small and middle-market businesses, institutional investors, large corporations, and governments worldwide. It operates in four segments: Consumer Banking, Global Wealth & Investment Management (GWIM), Global Banking, and Global Markets. The Consumer Banking segment offers traditional and money market savings accounts, certificates of deposit and IRAs, non-interest and interest-bearing checking accounts, and investment accounts and products; credit and debit cards; residential mortgages, and home equity loans; and direct and indirect loans, such as automotive, recreational vehicle, and consumer personal loans. The GWIM segment provides investment management, brokerage, banking, and trust and retirement products and services; wealth management solutions; and customized solutions, including specialty asset management services. The Global Banking segment offers lending products and services, including commercial loans, leases, commitment facilities, trade finance, and commercial real estate and asset-based lending; treasury solutions, such as treasury management, foreign exchange, short-term investing options, and merchant services; working capital management solutions; debt and equity underwriting and distribution, and merger-related and other advisory services; and fixed-income and equity research, and certain market-based services. The Global Markets segment provides market-making, financing, securities clearing, settlement, and custody services; securities and derivative products; and risk management products using interest rate, equity, credit, currency and commodity derivatives, foreign exchange, fixed-income, and mortgage-related products. Bank of America Corporation was founded in 1784 and is based in Charlotte, North Carolina."
BND,Vanguard Total Bond Market ETF,Vanguard Total Bond Market Index Fund,ETF,N/A,N/A,NGM,USD,"This index measures the performance of a wide spectrum of public, investment-grade, taxable, fixed income securities in the United States-including government, corporate, and international dollar-denominated bonds, as well as mortgage-backed and asset-backed securities-all with maturities of more than 1 year. All of the fund's investments will be selected through the sampling process, and at least 80% of its assets will be invested in bonds held in the index."
C,"Citigroup, Inc.",Citigroup Inc.,EQUITY,Financial Services,Banks - Diversified,NYQ,USD,"Citigroup Inc., a diversified financial service holding company, provides various financial product and services to consumers, corporations, governments, and institutions worldwide. It operates through five segments: Services, Markets, Banking, U.S. Personal Banking, and Wealth. The Services segment includes Treasury and Trade Solutions, which provides cash management, trade, and working capital solutions to multinational corporations, financial institutions, and public sector organizations; and Securities Services, such as cross-border support for clients, local market expertise, post-trade technologies, data solutions, and various securities services solutions. The Markets segment offers sales and trading services for equities, foreign exchange, rates, spread products, and commodities to corporate, institutional, and public sector clients; and market-making services, including asset classes, risk management solutions, financing, prime brokerage, research, securities clearing, and settlement. The banking segment includes investment banking; advisory services related to mergers and acquisitions, divestitures, restructurings, and corporate defense activities; and corporate lending, which includes corporate and commercial banking. The U.S. Personal Banking segment provides co-branded cards and retail banking services. The Wealth segment provides financial services to high-net-worth clients through banking, lending, mortgages, investment, custody, and trust product offerings; and to professional industries, including law firms, consulting groups, accounting, and asset management. The company was founded in 1812 and is headquartered in New York, New York."
CELH,"Celsius Holdings, Inc.","Celsius Holdings, Inc.",EQUITY,Consumer Defensive,Beverages - Non-Alcoholic,NCM,USD,"Celsius Holdings, Inc. develops, processes, markets, distributes, and sells functional energy drinks and liquid supplements in the United States, Australia, New Zealand, Canadian, European, Middle Eastern, Asia-Pacific, and internationally. The company offers CELSIUS, a fitness drink or supplement designed to accelerate metabolism and burn body fat; various flavors and carbonated and non-carbonated functional energy drinks under the CELSIUS Originals and Vibe name, as well as functional energy drink under the CELSIUS Essentials and CELSIUS On-the-Go Powder names; and CELSIUS ready-to drink products. It distributes its products through direct-to-store delivery, distributors, supermarkets, convenience stores, drug stores, nutritional stores, and mass merchants, as well as health clubs, gyms, the military, and e-commerce websites. The company was formerly known as Vector Ventures, Inc. and changed its name to Celsius Holdings, Inc. in January 2007. Celsius Holdings, Inc. was founded in 2004 and is headquartered in Boca Raton, Florida."
CLS,"Celestica, Inc.",Celestica Inc.,EQUITY,Technology,Electronic Components,NYQ,USD,"Celestica Inc. provides supply chain solutions in North America, Europe, and Asia. It operates through two segments: Advanced Technology Solutions, and Connectivity & Cloud Solutions. The company offers a range of product manufacturing and related supply chain services, including design and development, new product introduction, engineering services, component sourcing, electronics manufacturing and assembly, testing, complex mechanical assembly, systems integration, precision machining, order fulfillment, logistics, asset management, product licensing, and after-market repair and return services. It also provides hardware platform solutions, which includes development of infrastructure platforms, and hardware and software design solutions and services which is used as-is or customized for specific applications; and management of program including design and supply chain, manufacturing, and after-market support, including IT asset disposition and asset management services. The company offers its products and services to original equipment manufacturers, cloud-based, and other service providers, including hyperscalers, and other companies in aerospace and defense, industrial, HealthTech, capital equipment, and communication and enterprise markets. Celestica Inc. was incorporated in 1994 and is headquartered in Toronto, Canada."
CNQ,Canadian Natural Resources Limi,Canadian Natural Resources Limited,EQUITY,Energy,Oil & Gas E&P,NYQ,USD,"Canadian Natural Resources Limited acquires, explores for, develops, produces, markets, and sells crude oil, natural gas, and natural gas liquids (NGLs). The company offers light and medium crude oil, primary heavy crude oil, Pelican Lake heavy crude oil, bitumen (thermal oil), and synthetic crude oil (SCO). The company's midstream assets include two pipeline systems; and a 50% working interest in an 84-megawatt cogeneration plant at Primrose. It operates primarily in Western Canada; the United Kingdom portion of the North Sea; and Offshore Africa. The company was formerly known as AEX Minerals Corporation and changed its name to Canadian Natural Resources Limited in December 1975. Canadian Natural Resources Limited was incorporated in 1973 and is headquartered in Calgary, Canada."
COKE,"Coca-Cola Consolidated, Inc.","Coca-Cola Consolidated, Inc.",EQUITY,Consumer Defensive,Beverages - Non-Alcoholic,NMS,USD,"Coca-Cola Consolidated, Inc., together with its subsidiaries, manufactures, markets, and distributes nonalcoholic beverages primarily products of The Coca-Cola Company in the United States. The company offers sparkling beverages; and still beverages, including energy products, as well as noncarbonated beverages comprising bottled water, ready to drink coffee and tea, enhanced water, juices, and sports drinks. It also sells its products to other Coca-Cola bottlers; and post-mix products that are dispensed through equipment, which mixes the fountain syrups with carbonated or still water enabling fountain retailers to sell finished products to consumers in cups or glasses. In addition, the company manufactures and distributes various other beverage brands that include Dr Pepper and Monster Energy. It sells and distributes its products directly to grocery stores, mass merchandise stores, club stores, convenience stores, and drug stores; and restaurants, schools, amusement parks, and recreational facilities, as well as through vending machine outlets. The company was formerly known as Coca-Cola Bottling Co. Consolidated and changed its name to Coca-Cola Consolidated, Inc. in January 2019. Coca-Cola Consolidated, Inc. was incorporated in 1980 and is headquartered in Charlotte, North Carolina."
CRM,"Salesforce, Inc.","Salesforce, Inc.",EQUITY,Technology,Software - Application,NYQ,USD,"Salesforce, Inc. provides Customer Relationship Management (CRM) technology that brings companies and customers together worldwide. The company's service includes sales to store data, monitor leads and progress, forecast opportunities, gain insights through analytics and artificial intelligence, and deliver quotes, contracts, and invoices; and service that enables companies to deliver trusted and highly personalized customer support at scale. In addition, its platform offering comprise a flexible platform that enables companies of various sizes, locations, and industries to build business workflow and apps with customer; online learning platform that allows anyone to learn in-demand Salesforce skills; and Slack, an intelligent productivity platform. The company's marketing services enables companies to plan, personalize, automate, and optimize customer marketing journey, connecting interaction, and connected products; and commerce services, which empowers shopping experience across various customer touchpoint, such as mobile, web, social, and stores and provides click-to-code tools that offers customers to build and deploy solutions. Further, its analytics offering includes Tableau, an end-to-end analytics solution for range of enterprise use cases and intelligent analytics with AI models, spot trends, predict outcomes, creates summaries, timely recommendations, and take action from any device; and integration service including MuleSoft, which provides building blocks to deliver end-to-end and connected experiences. Additionally, the company provides data cloud, a hyperscale data engine native to Salesforce; vertical services to meet the needs of customers in industries, such as financial services, healthcare and life sciences, manufacturing and automotive and government; and offers salesforce starter for small and medium-sized businesses. Salesforce, Inc. was incorporated in 1999 and is headquartered in San Francisco, California."
CRWD,"CrowdStrike Holdings, Inc.","CrowdStrike Holdings, Inc.",EQUITY,Technology,Software - Infrastructure,NMS,USD,"CrowdStrike Holdings, Inc. provides cybersecurity solutions in the United States and internationally. Its unified platform offers cloud-delivered protection of endpoints, cloud workloads, identity, and data. The company offers corporate endpoint and cloud workload security, managed security, security and vulnerability management, IT operations management, identity protection, SIEM and log management, threat intelligence, data protection, security orchestration, automation and response and AI powered workflow automation, and securing generative AI workload services. It primarily sells subscriptions to its Falcon platform and cloud modules. The company was incorporated in 2011 and is headquartered in Austin, Texas."
CVNA,Carvana Co.,Carvana Co.,EQUITY,Consumer Cyclical,Auto & Truck Dealerships,NYQ,USD,"Carvana Co., together with its subsidiaries, operates an e-commerce platform for buying and selling used cars in the United States. Its platform allows customers to research and identify a vehicle; inspect it using company's 360-degree vehicle imaging technology; obtain financing and warranty coverage; purchase the vehicle; and schedule delivery or pick-up from their desktop or mobile devices. The company also operates auction sites. The company was founded in 2012 and is based in Tempe, Arizona."
DDOG,"Datadog, Inc.","Datadog, Inc.",EQUITY,Technology,Software - Application,NMS,USD,"Datadog, Inc. operates an observability and security platform for cloud applications in North America and internationally. The company's products comprise infrastructure and application performance monitoring, log management, digital experience monitoring, continuous profiler, database monitoring, data streams and universal service monitoring, network monitoring, incident management, workflow automation, observability pipelines, cloud cost and cloud security management, application security management, cloud SIEM, sensitive data scanner, and CI visibility. Datadog, Inc. was incorporated in 2010 and is headquartered in New York, New York."
DIA,SPDR Dow Jones Industrial Avera,SPDR Dow Jones Industrial Average ETF Trust,ETF,N/A,N/A,PCX,USD,"The Trust’s Portfolio consists of substantially all of the component common stocks that comprise the DJIA, which are weighted in accordance with the terms of the Trust Agreement."
EA,Electronic Arts Inc.,Electronic Arts Inc.,EQUITY,Communication Services,Electronic Gaming & Multimedia,NMS,USD,"Electronic Arts Inc. develops, markets, publishes, and delivers games, content, and services for game consoles, PCs, mobile phones, and tablets worldwide. It develops and publishes games and services across various genres, such as sports, racing, first-person shooter, action, role-playing, and simulation through owned and licensed brands, such as EA SPORTS FC, Battlefield, Apex Legends, The Sims, Madden NFL, Need for Speed, Titanfall, and F1 brands. The company licenses its games to third parties to distribute and host its games and content. It markets and sells its games and services through digital distribution and retail channels, as well as directly to mass market retailers, specialty stores, and distribution arrangements. Electronic Arts Inc. was incorporated in 1982 and is headquartered in Redwood City, California."
EEM,iShares MSCI Emerging Index Fun,iShares MSCI Emerging Markets ETF,ETF,N/A,N/A,PCX,USD,The fund generally will invest at least 80% of its assets in the component securities of its underlying index and in investments that have economic characteristics that are substantially identical to the component securities of its underlying index. The index is designed to measure equity market performance in the global emerging markets. The underlying index includes large- and mid-capitalization companies and may change over time.
EFA,iShares MSCI EAFE ETF,iShares MSCI EAFE ETF,ETF,N/A,N/A,PCX,USD,"The fund generally will invest at least 80% of its assets in the component securities of its underlying index and in investments that have economic characteristics that are substantially identical to the component securities of its underlying index. The index is a free float-adjusted, market capitalization-weighted index designed to measure large- and mid-capitalization equity market performance of developed markets outside of the U.S. and Canada."
FICO,Fair Isaac Corporation,Fair Isaac Corporation,EQUITY,Technology,Software - Application,NYQ,USD,"Fair Isaac Corporation develops software with analytics and digital decisioning technologies that enable businesses to automate, enhance, and connect decisions in the Americas, Europe, the Middle East, Africa, and the Asia Pacific. The company operates in two segments, Scores and Software. The Scores segment provides business-to-business scoring solutions and services for consumers that give clients access to predictive credit and other scores that can be integrated into their transaction streams and decision-making processes, as well as business-to-consumer scoring solutions comprising myFICO.com subscription offerings. The Software segment provides pre-configured analytic and decision management solution designed for various business needs or processes, such as account origination, customer management, customer engagement, fraud detection, and marketing, as well as associated professional services. This segment also offers FICO Platform, a modular software offering designed to support advanced analytic and decision use cases, as well as stand-alone analytic and decisioning software that can be configured by customers to address a wide range of business use cases. It offers FICO® Decision Modeler and FICO Blaze Advisor, FICO Xpress Optimization, FICO Analytics Workbench, FICO Data Orchestrator, FICO DMP Streaming, FICO Business Outcome Simulator, FICO Decision Optimizer, FICO TRIAD Customer Manager, FICO Fraud Solutions, FICO Originations, FICO Customer Communication Service, FICO Strategy Director, FICO Analytic Services, FICO Advisors, and FICO Blaze Advisor, as well as software implementation and configuration services. The company markets its products and services primarily through its direct sales organization and indirect channels, as well as online. The company was formerly known as Fair Isaac & Company, Inc. and changed its name to Fair Isaac Corporation in July 1992. Fair Isaac Corporation was founded in 1956 and is headquartered in Bozeman, Montana."
FIX,"Comfort Systems USA, Inc.","Comfort Systems USA, Inc.",EQUITY,Industrials,Engineering & Construction,NYQ,USD,"Comfort Systems USA, Inc., together with its subsidiaries, provides mechanical and electrical installation, renovation, maintenance, repair, and replacement services for the mechanical and electrical services industry in the United States. It operates through two segments, Mechanical and Electrical. The company offers heating, ventilation, and air conditioning systems, as well as plumbing, electrical, piping and controls, off-site construction, monitoring, and fire protection. It also engages in the design, engineering, integration, installation, and start-up of mechanical, electrical, and plumbing (MEP) and related systems in new buildings; and renovation, expansion, maintenance, monitoring, repair, and replacement of MEP systems in existing buildings. In addition, the company provides remote monitoring of power usage, temperature, pressure, humidity and air flow for MEP and other building systems. It serves building owners and developers, general contractors, architects, consulting engineers, and property managers in the commercial, industrial, and institutional MEP markets. Comfort Systems USA, Inc. was founded in 1917 and is headquartered in Houston, Texas."
GLD,SPDR Gold Trust,SPDR Gold Shares,ETF,N/A,N/A,PCX,USD,"The Trust holds gold bars and from time to time, issues Baskets in exchange for deposits of gold and distributes gold in connection with redemptions of Baskets. The investment objective of the Trust is for the Shares to reflect the performance of the price of gold bullion, less the Trust’s expenses. The Sponsor believes that, for many investors, the Shares represent a cost-effective investment in gold."
GOOGL,Alphabet Inc.,Alphabet Inc.,EQUITY,Communication Services,Internet Content & Information,NMS,USD,"Alphabet Inc. offers various products and platforms in the United States, Europe, the Middle East, Africa, the Asia-Pacific, Canada, and Latin America. It operates through Google Services, Google Cloud, and Other Bets segments. The Google Services segment provides products and services, including ads, Android, Chrome, devices, Gmail, Google Drive, Google Maps, Google Photos, Google Play, Search, and YouTube. It is also involved in the sale of apps and in-app purchases and digital content in the Google Play and YouTube; and devices, as well as in the provision of YouTube consumer subscription services. The Google Cloud segment offers infrastructure, cybersecurity, databases, analytics, AI, and other services; Google Workspace that include cloud-based communication and collaboration tools for enterprises, such as Gmail, Docs, Drive, Calendar, and Meet; and other services for enterprise customers. The Other Bets segment sells healthcare-related and internet services. The company was incorporated in 1998 and is headquartered in Mountain View, California."
HYG,iShares iBoxx $ High Yield Corp,iShares iBoxx $ High Yield Corporate Bond ETF,ETF,N/A,N/A,PCX,USD,"The underlying index is a rules-based index consisting of U.S. dollar-denominated, high yield corporate bonds for sale in the U.S. The fund will invest at least 80% of its assets in the component securities of the underlying index, and the fund will invest at least 90% of its assets in fixed income securities of the types included in the underlying index that the advisor believes will help the fund track the underlying index."
IBM,International Business Machines,International Business Machines Corporation,EQUITY,Technology,Information Technology Services,NYQ,USD,"International Business Machines Corporation, together with its subsidiaries, provides integrated solutions and services worldwide. The company operates through Software, Consulting, Infrastructure, and Financing segments. The Software segment offers a hybrid cloud and AI platforms that allows clients to realize their digital and AI transformations across the applications, data, and environments in which they operate. The Consulting segment focuses on skills integration for strategy, experience, technology, and operations by domain and industry. The Infrastructure segment provides on-premises and cloud based server, and storage solutions, as well as life-cycle services for hybrid cloud infrastructure deployment. The Financing segment offers client and commercial financing, facilitates IBM clients' acquisition of hardware, software, and services. The company has a strategic partnership to various companies including hyperscalers, service providers, global system integrators, and software and hardware vendors that includes Adobe, Amazon Web services, Microsoft, Oracle, Salesforce, Samsung Electronics and SAP, and others. The company was formerly known as Computing-Tabulating-Recording Co. International Business Machines Corporation was incorporated in 1911 and is headquartered in Armonk, New York."
IEF,iShares 7-10 Year Treasury Bond,iShares 7-10 Year Treasury Bond ETF,ETF,N/A,N/A,NGM,USD,"The underlying index measures the performance of public obligations of the U.S. Treasury that have a remaining maturity of greater than or equal to seven years and less than ten years. The fund will invest at least 80% of its assets in the component securities of the underlying index, and the fund will invest at least 90% of its assets in U.S. Treasury securities that the advisor believes will help the fund track the underlying index."
INTC,Intel Corporation,Intel Corporation,EQUITY,Technology,Semiconductors,NMS,USD,"Intel Corporation designs, develops, manufactures, markets, and sells computing and related products and services worldwide. It operates through Client Computing Group, Data Center and AI, Network and Edge, Mobileye, and Intel Foundry Services segments. The company's products portfolio comprises central processing units and chipsets, system-on-chips (SoCs), and multichip packages; mobile and desktop processors; hardware products comprising graphics processing units (GPUs), domain-specific accelerators, and field programmable gate arrays (FPGAs); and memory and storage, connectivity and networking, and other semiconductor products. It also offers silicon devices and software products; and optimization solutions for workloads, such as AI, cryptography, security, storage, networking, and leverages various features supporting diverse compute environments. In addition, the company develops and deploys advanced driver assistance systems (ADAS), and autonomous driving technologies and solutions; and provides advanced process technologies backed by an ecosystem of IP, EDA, and design services, as well as systems of chips, including advanced packaging technologies, software and accelerate bring-up, and integration of chips and driving standards. Further, it delivers and deploys intelligent edge platforms that allow developers to achieve agility and drive automation using AI for efficient operations with data integrity, as well as provides hardware and software platforms, tools, and ecosystem partnerships for digital transformation from the cloud to edge. The company serves original equipment manufacturers, original design manufacturers, cloud service providers, and other manufacturers and service providers. It has a strategic agreement with Synopsys, Inc. to develop EDA and IP solutions; and ARM that enables chip designers to build optimized compute SoCs on the Intel 18A process. Intel Corporation was incorporated in 1968 and is headquartered in Santa Clara, California."
INVA,"Innoviva, Inc.","Innoviva, Inc.",EQUITY,Healthcare,Biotechnology,NMS,USD,"Innoviva, Inc. engages in the development and commercialization of pharmaceutical products in the United States and internationally. The company's products include RELVAR/BREO ELLIPTA, a once-daily combination medicine consisting of a LABA, vilanterol (VI), an inhaled corticosteroid (ICS), and fluticasone furoate; ANORO ELLIPTA, a once-daily medicine combining a long-acting muscarinic antagonist (LAMA) and umeclidinium bromide (UMEC) with a LABA, VI; GIAPREZA (angiotensin II), a vasoconstrictor to increase blood pressure in adults with septic or other distributive shock; XERAVA (eravacycline) for the treatment of complicated intra-abdominal infections in adults; and XACDURO, a beta lactamase inhibitor for the treatment of hospital-acquired bacterial pneumonia and ventilator-associated bacterial pneumonia. Its development pipeline includes zoliflodacin, a late-stage product candidate, a potential single oral dose cure for the treatment of uncomplicated gonorrhea. Innoviva, Inc. has a strategic partnership with Sarissa Capital Management LP. It has long-acting beta2 agonist (LABA) collaboration agreement with Glaxo Group Limited to develop and commercialize once-daily products for the treatment of chronic obstructive pulmonary disease and asthma. The company was formerly known as Theravance, Inc. and changed its name to Innoviva, Inc. in January 2016. Innoviva, Inc. was incorporated in 1996 and is headquartered in Burlingame, California."
IWM,iShares Russell 2000 ETF,iShares Russell 2000 ETF,ETF,N/A,N/A,PCX,USD,"The fund generally invests at least 80% of its assets in the component securities of its underlying index and in investments that have economic characteristics that are substantially identical to the component securities of its underlying index (i.e., depositary receipts representing securities of the underlying index) and may invest up to 20% of its assets in certain futures, options and swap contracts, cash and cash equivalents."
JNJ,Johnson & Johnson,Johnson & Johnson,EQUITY,Healthcare,Drug Manufacturers - General,NYQ,USD,"Johnson & Johnson, together with its subsidiaries, researches, develops, manufactures, and sells various products in the healthcare field worldwide. The company's Innovative Medicine segment offers products for various therapeutic areas, such as immunology, including rheumatoid arthritis, psoriatic arthritis, inflammatory bowel disease, and psoriasis; infectious diseases comprising HIV/AIDS; neuroscience, consisting of mood disorders, neurodegenerative disorders, and schizophrenia; oncology, such as prostate cancer, hematologic malignancies, lung cancer, and bladder cancer; cardiovascular and metabolism, including thrombosis, diabetes, and macular degeneration; and pulmonary hypertension comprising pulmonary arterial hypertension through retailers, wholesalers, distributors, hospitals, and healthcare professionals for prescription use. Its MedTech segment provides Interventional Solutions, including electrophysiology products to treat heart rhythm disorders; the heart recovery portfolio, which includes technologies to treat severe coronary artery disease requiring high-risk PCI or AMI cardiogenic shock; and neurovascular care that treats hemorrhagic and ischemic stroke. this segment also offers an orthopaedics portfolio that includes products and enabling technologies that support hips, knees, trauma, spine, sports, and other; surgery portfolios comprising advanced and general surgery technologies, as well as solutions for breast aesthetics, ear, nose, and throat procedures; contact lenses under the ACUVUE Brand; and TECNIS intraocular lenses for cataract surgery. It distributes its products to wholesalers, hospitals, and retailers, as well as physicians, nurses, hospitals, eye care professionals, and clinics. The company has a collaboration agreement with Stand Up To Cancer for research testing a combination of teclistamab and daratumumab to treat a rare disease AL amyloidosis. Johnson & Johnson was founded in 1886 and is based in New Brunswick, New Jersey."
JPM,JP Morgan Chase & Co.,JPMorgan Chase & Co.,EQUITY,Financial Services,Banks - Diversified,NYQ,USD,"JPMorgan Chase & Co. operates as a financial services company worldwide. It operates through four segments: Consumer & Community Banking (CCB), Corporate & Investment Bank (CIB), Commercial Banking (CB), and Asset & Wealth Management (AWM). The CCB segment offers deposit, investment and lending products, cash management, and payments and services; mortgage origination and servicing activities; residential mortgages and home equity loans; and credit cards, auto loans, leases, and travel services to consumers and small businesses through bank branches, ATMs, and digital and telephone banking. The CIB segment provides investment banking products and services, including corporate strategy and structure advisory, and equity and debt market capital-raising services, as well as loan origination and syndication; payments; and cash and derivative instruments, risk management solutions, prime brokerage, and research. This segment also offers securities services, including custody, fund accounting and administration, and securities lending products for asset managers, insurance companies, and public and private investment funds. The CB segment provides financial solutions, including lending, payments, investment banking, and asset management to small and midsized companies, local governments, nonprofit clients, and large corporations, as well as investors, developers, and owners of multifamily, office, retail, industrial, and affordable housing properties. The AWM segment offers multi-asset investment management solutions in equities, fixed income, alternatives, and money market funds to institutional clients and retail investors; and retirement products and services, brokerage, custody, estate planning, lending, deposits, and investment management products to high net worth clients. JPMorgan Chase & Co. was founded in 1799 and is headquartered in New York, New York."
KO,Coca-Cola Company (The),The Coca-Cola Company,EQUITY,Consumer Defensive,Beverages - Non-Alcoholic,NYQ,USD,"The Coca-Cola Company, a beverage company, manufactures, markets, and sells various nonalcoholic beverages worldwide. The company provides sparkling soft drinks, sparkling flavors; water, sports, coffee, and tea; juice, value-added dairy, and plant-based beverages; and other beverages. It also offers beverage concentrates and syrups, as well as fountain syrups to fountain retailers, such as restaurants and convenience stores. The company sells its products under the Coca-Cola, Diet Coke/Coca-Cola Light, Coca-Cola Zero Sugar, caffeine free Diet Coke, Cherry Coke, Fanta Orange, Fanta Zero Orange, Fanta Zero Sugar, Fanta Apple, Sprite, Sprite Zero Sugar, Simply Orange, Simply Apple, Simply Grapefruit, Fresca, Schweppes, Thums Up, Aquarius, Ayataka, BODYARMOR, Ciel, Costa, Dasani, dogadan, FUZE TEA, Georgia, glacéau smartwater, glacéau vitaminwater, Gold Peak, Ice Dew, I LOHAS, Powerade, Topo Chico, AdeS, Del Valle, fairlife, innocent, Minute Maid, and Minute Maid Pulpy brands. It operates through a network of independent bottling partners, distributors, wholesalers, and retailers, as well as through bottling and distribution operators. The company was founded in 1886 and is headquartered in Atlanta, Georgia."
LLY,Eli Lilly and Company,Eli Lilly and Company,EQUITY,Healthcare,Drug Manufacturers - General,NYQ,USD,"Eli Lilly and Company discovers, develops, and markets human pharmaceuticals worldwide. The company offers Basaglar, Humalog, Humalog Mix 75/25, Humalog U-100, Humalog U-200, Humalog Mix 50/50, insulin lispro, insulin lispro protamine, insulin lispro mix 75/25, Humulin, Humulin 70/30, Humulin N, Humulin R, and Humulin U-500 for diabetes; Jardiance, Mounjaro, and Trulicity for type 2 diabetes; and Zepbound for obesity. It provides oncology products, including Alimta, Cyramza, Erbitux, Jaypirca, Retevmo, Tyvyt, and Verzenio. In addition, the company offers Olumiant for rheumatoid arthritis, atopic dermatitis, severe alopecia areata, and COVID-19; Taltz for plaque psoriasis, psoriatic arthritis, ankylosing spondylitis, and non-radiographic axial spondylarthritis; Omvoh for ulcerative colitis; Cymbalta for depressive disorder, diabetic peripheral neuropathic pain, generalized anxiety disorder, fibromyalgia, and chronic musculoskeletal pain; Ebglyss for severe atopic dermatitis; and Emgality for migraine prevention and episodic cluster headache. Further, it provides Cialis for erectile dysfunction and benign prostatic hyperplasia; and Forteo for osteoporosis. It operates Lilly Seaport Innovation Center (LSC), a research and development facility in the Boston Seaport to advancing Lilly's efforts in RNA and DNA-based therapies as well as discovering new drug targets to create life-changing medicines across several disease states, including diabetes, obesity, cardiovascular diseases, neurodegeneration, and chronic pain. It has collaborations with Incyte Corporation; Boehringer Ingelheim Pharmaceuticals, Inc.; F. Hoffmann-La Roche Ltd and Genentech, Inc.; Biologics, Inc., AbCellera Biologics Inc.; Verge Genomics; and Chugai Pharmaceutical Co., Ltd, as well as development collaboration with Eli Lilly and Company for developing QIAstat-Dx IVD panel, for the detection of various APOE genotypes. The company was founded in 1876 and is headquartered in Indianapolis, Indiana."
LQD,iShares iBoxx $ Investment Grad,iShares iBoxx $ Investment Grade Corporate Bond ETF,ETF,N/A,N/A,PCX,USD,"The fund will invest at least 80% of its assets in the component securities of the underlying index, and it will invest at least 90% of its assets in fixed income securities of the types included in the underlying index that the advisor believes will help the fund track the underlying index. The underlying index is designed to provide a broad representation of the U.S. dollar-denominated liquid investment-grade corporate bond market."
META,"Meta Platforms, Inc.","Meta Platforms, Inc.",EQUITY,Communication Services,Internet Content & Information,NMS,USD,"Meta Platforms, Inc. engages in the development of products that enable people to connect and share with friends and family through mobile devices, personal computers, virtual reality headsets, and wearables worldwide. It operates in two segments, Family of Apps and Reality Labs. The Family of Apps segment offers Facebook, which enables people to share, discuss, discover, and connect with interests; Instagram, a community for sharing photos, videos, and private messages, as well as feed, stories, reels, video, live, and shops; Messenger, a messaging application for people to connect with friends, family, communities, and businesses across platforms and devices through text, audio, and video calls; and WhatsApp, a messaging application that is used by people and businesses to communicate and transact privately. The Reality Labs segment provides augmented and virtual reality related products comprising consumer hardware, software, and content that help people feel connected, anytime, and anywhere. The company was formerly known as Facebook, Inc. and changed its name to Meta Platforms, Inc. in October 2021. The company was incorporated in 2004 and is headquartered in Menlo Park, California"
MRK,"Merck & Company, Inc.","Merck & Co., Inc.",EQUITY,Healthcare,Drug Manufacturers - General,NYQ,USD,"Merck & Co., Inc. operates as a healthcare company worldwide. It operates through two segments, Pharmaceutical and Animal Health. The Pharmaceutical segment offers human health pharmaceutical products in the areas of oncology, hospital acute care, immunology, neuroscience, virology, cardiovascular, and diabetes under the Keytruda, Bridion, Adempas, Lagevrio, Belsomra, Simponi, and Januvia brands, as well as vaccine products consisting of preventive pediatric, adolescent, and adult vaccines under the Gardasil/Gardasil 9, ProQuad, M-M-R II, Varivax, RotaTeq, Live Oral, Vaxneuvance, Pneumovax 23, and Vaqta names. The Animal Health segment discovers, develops, manufactures, and markets veterinary pharmaceuticals, vaccines, and health management solutions and services, as well as digitally connected identification, traceability, and monitoring products. vIt has development and commercialization agreement for three of Daiichi Sankyo's deruxtecan ADC candidates, which include patritumab deruxtecan, ifinatamab deruxtecan, and raludotatug deruxtecan for the treatment of multiple solid tumors both as monotherapy and/or in combination with other treatments; and AstraZeneca PLC to co-development and co-commercialize AstraZeneca's Lynparza products for multiple cancer types, and Koselugo for multiple indications. It also has licensed to develop, manufacture and  commercialize LM-299, a novel investigational PD-1/VEGF bispecific antibody from LaNova. The company also has a collaboration agreement with Eisai Co., Ltd., Bayer AG, and Ridgeback Biotherapeutics LP, as well Moderna, Inc. Merck & Co., Inc. was founded in 1891 and is headquartered in Rahway, New Jersey."
MRVL,"Marvell Technology, Inc.","Marvell Technology, Inc.",EQUITY,Technology,Semiconductors,NMS,USD,"Marvell Technology, Inc., together with its subsidiaries, provides data infrastructure semiconductor solutions, spanning the data center core to network edge. The company develops and scales complex System-on-a-Chip architectures, integrating analog, mixed-signal, and digital signal processing functionality. It offers a portfolio of Ethernet solutions, including controllers, network adapters, physical transceivers, and switches; single or multiple core processors; and custom application specific integrated circuits. The company also provides electro-optical products, including pulse amplitude modulations, coherent digital signal processors, laser drivers, trans-impedance amplifiers, silicon photonics, and data center interconnect solutions; fibre channel products comprising host bus adapters and controllers; storage controllers for hard disk drives and solid-state-drives; and host system interfaces, including serial attached SCSI, serial advanced technology attachment, peripheral component interconnect express, non-volatile memory express (NVMe), and NVMe over fabrics. It has operations in the United States, Argentina, China, India, Israel, Japan, Singapore, South Korea, Taiwan, and Vietnam. Marvell Technology, Inc. was incorporated in 1995 and is headquartered in Wilmington, Delaware."
MSFT,Microsoft Corporation,Microsoft Corporation,EQUITY,Technology,Software - Infrastructure,NMS,USD,"Microsoft Corporation develops and supports software, services, devices and solutions worldwide. The Productivity and Business Processes segment offers office, exchange, SharePoint, Microsoft Teams, office 365 Security and Compliance, Microsoft viva, and Microsoft 365 copilot; and office consumer services, such as Microsoft 365 consumer subscriptions, Office licensed on-premises, and other office services. This segment also provides LinkedIn; and dynamics business solutions, including Dynamics 365, a set of intelligent, cloud-based applications across ERP, CRM, power apps, and power automate; and on-premises ERP and CRM applications. The Intelligent Cloud segment offers server products and cloud services, such as azure and other cloud services; SQL and windows server, visual studio, system center, and related client access licenses, as well as nuance and GitHub; and enterprise services including enterprise support services, industry solutions, and nuance professional services. The More Personal Computing segment offers Windows, including windows OEM licensing and other non-volume licensing of the Windows operating system; Windows commercial comprising volume licensing of the Windows operating system, windows cloud services, and other Windows commercial offerings; patent licensing; and windows Internet of Things; and devices, such as surface, HoloLens, and PC accessories. Additionally, this segment provides gaming, which includes Xbox hardware and content, and first- and third-party content; Xbox game pass and other subscriptions, cloud gaming, advertising, third-party disc royalties, and other cloud services; and search and news advertising, which includes Bing, Microsoft News and Edge, and third-party affiliates. The company sells its products through OEMs, distributors, and resellers; and directly through digital marketplaces, online, and retail stores. The company was founded in 1975 and is headquartered in Redmond, Washington."
MSTR,MicroStrategy Incorporated,MicroStrategy Incorporated,EQUITY,Technology,Software - Application,NMS,USD,"MicroStrategy Incorporated provides artificial intelligence-powered enterprise analytics software and services in the United States, Europe, the Middle East, Africa, and internationally. It offers MicroStrategy ONE, which provides non-technical users with the ability to directly access novel and actionable insights for decision-making; and MicroStrategy Cloud for Government service, which offers always-on threat monitoring that meets the rigorous technical and regulatory needs of governments and financial institutions. The company also provides MicroStrategy Support that helps customers achieve their system availability and usage goals through highly responsive troubleshooting and assistance; MicroStrategy Consulting, which provides architecture and implementation services to help customers realize their desired results; and MicroStrategy Education that offers free and paid learning options. In addition, it engages in the development of bitcoin. The company offers its services through direct sales force and channel partners. It serves the U.S. government, state and local governments, and government agencies, as well as a range of industries, including retail, banking, technology, manufacturing, insurance, consulting, healthcare, telecommunications, and the public sector. The company was incorporated in 1989 and is headquartered in Tysons Corner, Virginia."
NFLX,"Netflix, Inc.","Netflix, Inc.",EQUITY,Communication Services,Entertainment,NMS,USD,"Netflix, Inc. provides entertainment services. It offers TV series, documentaries, feature films, and games across various genres and languages. The company also provides members the ability to receive streaming content through a host of internet-connected devices, including TVs, digital video players, TV set-top boxes, and mobile devices. It has operations in approximately 190 countries. The company was incorporated in 1997 and is headquartered in Los Gatos, California."
NVDA,NVIDIA Corporation,NVIDIA Corporation,EQUITY,Technology,Semiconductors,NMS,USD,"NVIDIA Corporation provides graphics and compute and networking solutions in the United States, Taiwan, China, Hong Kong, and internationally. The Graphics segment offers GeForce GPUs for gaming and PCs, the GeForce NOW game streaming service and related infrastructure, and solutions for gaming platforms; Quadro/NVIDIA RTX GPUs for enterprise workstation graphics; virtual GPU or vGPU software for cloud-based visual and virtual computing; automotive platforms for infotainment systems; and Omniverse software for building and operating metaverse and 3D internet applications. The Compute & Networking segment comprises Data Center computing platforms and end-to-end networking platforms, including Quantum for InfiniBand and Spectrum for Ethernet; NVIDIA DRIVE automated-driving platform and automotive development agreements; Jetson robotics and other embedded platforms; NVIDIA AI Enterprise and other software; and DGX Cloud software and services. The company's products are used in gaming, professional visualization, data center, and automotive markets. It sells its products to original equipment manufacturers, original device manufacturers, system integrators and distributors, independent software vendors, cloud service providers, consumer internet companies, add-in board manufacturers, distributors, automotive manufacturers and tier-1 automotive suppliers, and other ecosystem participants. NVIDIA Corporation was incorporated in 1993 and is headquartered in Santa Clara, California."
PEP,"Pepsico, Inc.","PepsiCo, Inc.",EQUITY,Consumer Defensive,Beverages - Non-Alcoholic,NMS,USD,"PepsiCo, Inc. engages in the manufacture, marketing, distribution, and sale of various beverages and convenient foods worldwide. The company operates through seven segments: Frito-Lay North America; Quaker Foods North America; PepsiCo Beverages North America; Latin America; Europe; Africa, Middle East and South Asia; and Asia Pacific, Australia and New Zealand and China Region. It provides dips, cheese-flavored snacks, and spreads, as well as corn, potato, and tortilla chips; cereals, rice, pasta, mixes and syrups, granola bars, grits, oatmeal, rice cakes, and side dishes; beverage concentrates, fountain syrups, and finished goods; ready-to-drink tea, coffee, and juices; dairy products; and sparkling water makers and related products, as well as distributes alcoholic beverages under Hard MTN Dew brand. The company offers its products primarily under the Lay's, Doritos, Fritos, Tostitos, BaiCaoWei, Cheetos, Cap'n Crunch, Life, Pearl Milling Company, Gatorade, Pepsi-Cola, Mountain Dew, Quaker, Rice-A-Roni, Aquafina, Bubly, Emperador, Diet Mountain Dew, Diet Pepsi, Gatorade Zero, Crush, Propel, Dr Pepper, Schweppes, Marias Gamesa, Ruffles, Sabritas, Saladitas, Tostitos, 7UP, Diet 7UP, H2oh!, Manzanita Sol, Mirinda, Pepsi Black, Pepsi Max, San Carlos, Toddy, Walkers, Chipsy, Kurkure, Sasko, Spekko, White Star, Smith's, Sting, SodaStream, Lubimyj Sad, Agusha, Chudo, Domik v Derevne, Lipton, and other brands. It serves wholesale and other distributors, foodservice customers, grocery stores, drug stores, convenience stores, discount/dollar stores, mass merchandisers, membership stores, hard discounters, e-commerce retailers and authorized independent bottlers, and others through a network of direct-store-delivery, customer warehouse, and distributor networks, as well as directly to consumers through e-commerce platforms and retailers. The company was founded in 1898 and is based in Purchase, New York."
PFE,"Pfizer, Inc.",Pfizer Inc.,EQUITY,Healthcare,Drug Manufacturers - General,NYQ,USD,"Pfizer Inc. discovers, develops, manufactures, markets, distributes, and sells biopharmaceutical products in the United States, Europe, and internationally. The company offers medicines and vaccines in various therapeutic areas, including cardiovascular metabolic, migraine, and women's health under the Eliquis, Nurtec ODT/Vydura, Zavzpret, and the Premarin family brands; infectious diseases with unmet medical needs under the Prevnar family, Abrysvo, Nimenrix, FSME/IMMUN-TicoVac, and Trumenba brands; and COVID-19 prevention and treatment, and potential future mRNA and antiviral products under the Comirnaty and Paxlovid brands. It also provides medicines and vaccines in various therapeutic areas, such as biosimilars for chronic immune and inflammatory diseases under the Xeljanz, Enbrel, Inflectra, Litfulo, Velsipity, and Cibinqo brands; amyloidosis, hemophilia, endocrine diseases, and sickle cell disease under the Vyndaqel family, Oxbryta, BeneFIX, Somavert, Ngenla, and Genotropin brands; sterile injectable and anti-infective medicines under the Sulperazon, Medrol, Zavicefta, Zithromax, and Panzyga brands; and biologics, small molecules, immunotherapies, and biosimilars under the Ibrance, Xtandi, Inlyta, Bosulif, Mektovi, Padcev, Adcetris, Talzenna, Tukysa, Elrexfio, Tivdak, Lorbrena, and Braftovi brands. In addition, the company involved in the contract manufacturing business. It serves wholesalers, retailers, hospitals, clinics, government agencies, pharmacies, individual provider offices, retail pharmacies, and integrated delivery systems. The company has collaboration agreements with Bristol-Myers Squibb Company; Astellas Pharma US, Inc.; Merck KGaA; and BioNTech SE, as well as has strategic clinical collaboration with Acepodia Inc. for the development of antibody-cell conjugation-based cell therapies in autoimmune diseases. Pfizer Inc. was founded in 1849 and is headquartered in New York, New York."
PG,Procter & Gamble Company (The),The Procter & Gamble Company,EQUITY,Consumer Defensive,Household & Personal Products,NYQ,USD,"The Procter & Gamble Company engages in the provision of branded consumer packaged goods worldwide. The company operates through five segments: Beauty; Grooming; Health Care; Fabric & Home Care; and Baby, Feminine & Family Care. The Beauty segment offers conditioners, shampoos, styling aids, and treatments under the Head & Shoulders, Herbal Essences, Pantene, and Rejoice brands; and antiperspirants and deodorants, personal cleansing, and skin care products under the Olay, Old Spice, Safeguard, Secret, SK-II, and Native brands. The Grooming segment provides blades and razors, shave products, appliances, and other grooming products under the Braun, Gillette, and Venus brand names. The Health Care segment offers toothbrushes, toothpastes, and other oral care products under the Crest and Oral-B brand names; and gastrointestinal, pain relief, rapid diagnostics, respiratory, vitamins/minerals/supplements, and other personal health care products under Metamucil, Neurobion, Pepto-Bismol, and Vicks brands. The Fabric & Home Care segment provides fabric enhancers, laundry additives, and laundry detergents under the Ariel, Downy, Gain, and Tide brands; and air care, dish care, P&G professional, and surface care products under the Cascade, Dawn, Fairy, Febreze, Mr. Clean, and Swiffer brands. The Baby, Feminine & Family Care segment offers baby wipes, and taped diapers and pants under the Luvs and Pampers brands; adult incontinence and feminine care products under the Always, Always Discreet, and Tampax brands; and paper towels, tissues, and toilet papers under the Bounty, Charmin, and Puffs brands. It sells its products primarily through mass merchandisers, e-commerce, grocery stores, membership club stores, drug stores, department stores, distributors, wholesalers, specialty beauty stores, high-frequency stores, pharmacies, electronics stores, and professional channels, as well as directly to consumers. The company was founded in 1837 and is headquartered in Cincinnati, Ohio."
PLTR,Palantir Technologies Inc.,Palantir Technologies Inc.,EQUITY,Technology,Software - Infrastructure,NYQ,USD,"Palantir Technologies Inc. builds and deploys software platforms for the intelligence community to assist in counterterrorism investigations and operations in the United States, the United Kingdom, and internationally. The company provides Palantir Gotham, a software platform which enables users to identify patterns hidden deep within datasets, ranging from signals intelligence sources to reports from confidential informants, as well as facilitates the handoff between analysts and operational users, helping operators plan and execute real-world responses to threats that have been identified within the platform. It also offers Palantir Foundry, a platform that transforms the ways organizations operate by creating a central operating system for their data; and allows individual users to integrate and analyze the data they need in one place. In addition, it provides Palantir Apollo, a software that delivers software and updates across the business, as well as enables customers to deploy their software virtually in any environment; and Palantir Artificial Intelligence Platform (AIP) that provides unified access to open-source, self-hosted, and commercial large language models (LLM) that can transform structured and unstructured data into LLM-understandable objects and can turn organizations' actions and processes into tools for humans and LLM-driven agents. The company was incorporated in 2003 and is headquartered in Denver, Colorado."
PYPL,"PayPal Holdings, Inc.","PayPal Holdings, Inc.",EQUITY,Financial Services,Credit Services,NMS,USD,"PayPal Holdings, Inc. operates a technology platform that enables digital payments on behalf of merchants and consumers worldwide. It operates a two-sided network at scale that connects merchants and consumers that enables its customers to connect, transact, and send and receive payments through online and in person, as well as transfer and withdraw funds using various funding sources, such as bank accounts, PayPal or Venmo account balance, PayPal and Venmo branded credit products comprising its installment products, credit and debit cards, and cryptocurrencies, as well as other stored value products, including gift cards and eligible rewards. The company provides payment solutions under the PayPal, PayPal Credit, Braintree, Venmo, Xoom, Zettle, Hyperwallet, Honey, and Paidy names. The company was founded in 1998 and is headquartered in San Jose, California."
QQQ,"Invesco QQQ Trust, Series 1",Invesco QQQ Trust,ETF,N/A,N/A,NGM,USD,"To maintain the correspondence between the composition and weights of the securities in the trust (the ""securities"") and the stocks in the NASDAQ-100 Index®, the adviser adjusts the securities from time to time to conform to periodic changes in the identity and/or relative weights of index securities. The composition and weighting of the securities portion of a portfolio deposit are also adjusted to conform to changes in the index."
SHY,iShares 1-3 Year Treasury Bond ,iShares 1-3 Year Treasury Bond ETF,ETF,N/A,N/A,NGM,USD,The fund will invest at least 80% of its assets in the component securities of the underlying index and it will invest at least 90% of its assets in U.S. Treasury securities that BFA believes will help the fund track the underlying index. The underlying index measures the performance of public obligations of the U.S. Treasury that have a remaining maturity of greater than or equal to one year and less than three years.
SPY,SPDR S&P 500,SPDR S&P 500 ETF Trust,ETF,N/A,N/A,PCX,USD,"The Trust seeks to achieve its investment objective by holding a portfolio of the common stocks that are included in the index (the “Portfolio”), with the weight of each stock in the Portfolio substantially corresponding to the weight of such stock in the index."
SU,Suncor Energy  Inc.,Suncor Energy Inc.,EQUITY,Energy,Oil & Gas Integrated,NYQ,USD,"Suncor Energy Inc. operates as an integrated energy company in Canada, the United States, and internationally. It operates through Oil Sands; Exploration and Production; and Refining and Marketing segments. The Oil Sands segment explores, develops, and produces bitumen, synthetic crude oil, and related products. This segment also engages in oil sands mining. The Exploration and Production segment is involved in offshore operations in the East Coast of Canada; and marketing and risk management of crude oil and natural gas. The Refining and Marketing segment engages in the refining of crude oil products; and distribution, marketing, transportation, and risk management of refined and petrochemical products, and other purchased products through the retail and wholesale networks. This segment is also involved in the trading of crude oil, refined products, natural gas, and power. The company was formerly known as Suncor Inc. and changed its name to Suncor Energy Inc. in April 1997. Suncor Energy Inc. was founded in 1917 and is headquartered in Calgary, Canada. Suncor Energy Inc."
TCEHY,Tencent Holding Ltd.,Tencent Holdings Limited,EQUITY,Communication Services,Internet Content & Information,PNK,USD,"Tencent Holdings Limited, an investment holding company, offers value-added services (VAS), online advertising, fintech, and business services in the People's Republic of China and internationally. It operates through VAS, Online Advertising, FinTech and Business Services, and Others segments. The company's consumers business provides communication and services, such as instant messaging and social network; digital content including online games, videos, live streaming, news, music, and literature; fintech services, which includes mobile payment, wealth management, loans, and securities trading; and various tools, such as network security management, browser, navigation, application management, email, etc. Its enterprise business comprises marketing solutions, which offers digital tools including user insight, creative management, placement strategy, and digital assets management; and cloud services, such as cloud computing, big data analytics, artificial intelligence, Internet of Things, security and other technologies for financial services, education, healthcare, retail, industry, transport, energy, and radio & television application. In addition, the company operates innovation business, which includes artificial intelligences; and discover and develops enterprise and next-generation technologies for food production, energy, and water management application. Tencent Holdings Limited was formerly known as Tencent (BVI) Limited and changed its name to Tencent Holding Limited in February 2004. The company was founded in 1998 and is headquartered in Shenzhen, the People's Republic of China."
TLT,iShares 20+ Year Treasury Bond ,iShares 20+ Year Treasury Bond ETF,ETF,N/A,N/A,NGM,USD,"The fund will invest at least 80% of its assets in the component securities of the underlying index, and it will invest at least 90% of its assets in U.S. Treasury securities that the advisor believes will help the fund track the underlying index. The underlying index measures the performance of public obligations of the U.S. Treasury that have a remaining maturity greater than or equal to twenty years."
TSLA,"Tesla, Inc.","Tesla, Inc.",EQUITY,Consumer Cyclical,Auto Manufacturers,NMS,USD,"Tesla, Inc. designs, develops, manufactures, leases, and sells electric vehicles, and energy generation and storage systems in the United States, China, and internationally. The company operates in two segments, Automotive, and Energy Generation and Storage. The Automotive segment offers electric vehicles, as well as sells automotive regulatory credits; and non-warranty after-sales vehicle, used vehicles, body shop and parts, supercharging, retail merchandise, and vehicle insurance services. This segment also provides sedans and sport utility vehicles through direct and used vehicle sales, a network of Tesla Superchargers, and in-app upgrades; purchase financing and leasing services; services for electric vehicles through its company-owned service locations and Tesla mobile service technicians; and vehicle limited warranties and extended service plans. The Energy Generation and Storage segment engages in the design, manufacture, installation, sale, and leasing of solar energy generation and energy storage products, and related services to residential, commercial, and industrial customers and utilities through its website, stores, and galleries, as well as through a network of channel partners; and provision of service and repairs to its energy product customers, including under warranty, as well as various financing options to its solar customers. The company was formerly known as Tesla Motors, Inc. and changed its name to Tesla, Inc. in February 2017. Tesla, Inc. was incorporated in 2003 and is headquartered in Austin, Texas."
TSM,Taiwan Semiconductor Manufactur,Taiwan Semiconductor Manufacturing Company Limited,EQUITY,Technology,Semiconductors,NYQ,USD,"Taiwan Semiconductor Manufacturing Company Limited, together with its subsidiaries, manufactures, packages, tests, and sells integrated circuits and other semiconductor devices in Taiwan, China, Europe, the Middle East, Africa, Japan, the United States, and internationally. It provides a range of wafer fabrication processes, including processes to manufacture complementary metal- oxide-semiconductor (CMOS) logic, mixed-signal, radio frequency, embedded memory, bipolar CMOS mixed-signal, and others. The company also offers customer and engineering support services; manufactures masks; and invests in technology start-up companies; researches, designs, develops, manufactures, packages, tests, and sells color filters; and provides investment services. Its products are used in high performance computing, smartphones, Internet of things, automotive, and digital consumer electronics. The company was incorporated in 1987 and is headquartered in Hsinchu City, Taiwan."
TTD,"The Trade Desk, Inc.","The Trade Desk, Inc.",EQUITY,Technology,Software - Application,NGM,USD,"The Trade Desk, Inc. operates as a technology company in the United States and internationally. The company offers a self-service cloud-based platform that allows buyers to plan, manage, optimize, and measure data-driven digital advertising campaigns across various ad formats and channels, including video, display, audio, digital-out-of-home, native, and social on various devices, such as computers, mobile devices, televisions, and streaming devices. It provides data and other value-added services. The company serves advertising agencies, brands, and other service providers for advertisers. The Trade Desk, Inc. was incorporated in 2009 and is headquartered in Ventura, California."
UBER,"Uber Technologies, Inc.","Uber Technologies, Inc.",EQUITY,Technology,Software - Application,NYQ,USD,"Uber Technologies, Inc. develops and operates proprietary technology applications in the United States, Canada, Latin America, Europe, the Middle East, Africa, and Asia excluding China and Southeast Asia. It operates through three segments: Mobility, Delivery, and Freight. The Mobility segment connects consumers with a range of transportation modalities, such as ridesharing, carsharing, micromobility, rentals, public transit, taxis, and other modalities; and offers riders in a variety of vehicle types, as well as financial partnerships products and advertising services. The Delivery segment allows to search for and discover restaurants to grocery, alcohol, convenience, and other retails; order a meal or other items; and Uber direct, a white-label Delivery-as-a-Service for retailers and restaurants, as well as advertising. The Freight segment manages transportation and logistics network, which connects shippers and carriers in digital marketplace including carriers upfronts, pricing, and shipment booking; and provides on-demand platform to automate logistics end-to-end transactions for small-and medium-sized business to global enterprises. The company was formerly known as Ubercab, Inc. and changed its name to Uber Technologies, Inc. in February 2011. Uber Technologies, Inc. was founded in 2009 and is headquartered in San Francisco, California."
VEA,Vanguard FTSE Developed Markets,Vanguard FTSE Developed Markets Index Fund ETF Shares,ETF,N/A,N/A,PCX,USD,"The fund employs an indexing investment approach designed to track the performance of the FTSE Developed All Cap ex US Index, a market-capitalization-weighted index that is made up of approximately 3,957 common stocks of large-, mid-, and small-cap companies located in Canada and the major markets of Europe and the Pacific region. The Advisor attempts to replicate the target index by investing all, or substantially all, of its assets in the stocks that make up the index, holding each stock in approximately the same proportion as its weighting in the index."
VKTX,"Viking Therapeutics, Inc.","Viking Therapeutics, Inc.",EQUITY,Healthcare,Biotechnology,NCM,USD,"Viking Therapeutics, Inc., a clinical-stage biopharmaceutical company, focuses on the development of novel therapies for metabolic and endocrine disorders. The company's lead drug candidate is VK2809, an orally available tissue and receptor-subtype selective agonist of the thyroid hormone receptor beta (TRß), which is in Phase IIb clinical trials to treat patients with biopsy-confirmed non-alcoholic steatohepatitis, as well as NAFLD. It also develops VK5211, an orally available non-steroidal selective androgen receptor modulator that is in Phase II clinical trials for the treatment of patients recovering from non-elective hip fracture surgery; VK0612, an orally available Phase IIb-ready drug candidate for type 2 diabetes; VK2735, a novel dual agonist of the glucagon-like peptide, which is in Phase 1 SAD/MAD clinical trial, and VK0214, an orally available tissue and receptor-subtype selective agonist of the TRß for X-linked adrenoleukodystrophy. The company was incorporated in 2012 and is headquartered in San Diego, California."
VRT,"Vertiv Holdings, LLC",Vertiv Holdings Co,EQUITY,Industrials,Electrical Equipment & Parts,NYQ,USD,"Vertiv Holdings Co, together with its subsidiaries, designs, manufactures, and services critical digital infrastructure technologies and life cycle services for data centers, communication networks, and commercial and industrial environments in the Americas, the Asia Pacific, Europe, the Middle East, and Africa. It offers AC and DC power management products, switchgear and busbar products, thermal management products, integrated rack systems, modular solutions, and management systems for monitoring and controlling digital infrastructure that are integral to the technologies used for various services, including e-commerce, online banking, file sharing, video on-demand, energy storage, wireless communications, Internet of Things, and online gaming. The company also provides lifecycle management services, predictive analytics, and professional services for deploying, maintaining, and optimizing its products and their related systems; and preventative maintenance, acceptance testing, engineering and consulting, performance assessments, remote monitoring, training, spare parts, and digital critical infrastructure software services. It offers its products primarily under the Vertiv, Liebert, NetSure, Geist, E&I, Powerbar, and Avocent brands. The company serves cloud services, financial services, healthcare, transportation, manufacturing, energy, education, government, social media, and retail industries through a network of direct sales professionals, independent sales representatives, channel partners, and original equipment manufacturers. Vertiv Holdings Co is headquartered in Westerville, Ohio."
VST,Vistra Corp.,Vistra Corp.,EQUITY,Utilities,Utilities - Independent Power Producers,NYQ,USD,"Vistra Corp., together with its subsidiaries, operates as an integrated retail electricity and power generation company. The company operates through six segments: Retail, Texas, East, West, Sunset, and Asset Closure. It retails electricity and natural gas to residential, commercial, and industrial customers across states in the United States and the District of Columbia. In addition, the company is involved in the electricity generation, wholesale energy purchases and sales, commodity risk management, fuel production, and fuel logistics management activities. It serves approximately 5 million customers with a generation capacity of approximately 41,000 megawatts with a portfolio of natural gas, nuclear, coal, solar, and battery energy storage facilities. The company was formerly known as Vistra Energy Corp. and changed its name to Vistra Corp. in July 2020. Vistra Corp. was founded in 1882 and is based in Irving, Texas."
VWO,Vanguard FTSE Emerging Markets ,Vanguard Emerging Markets Stock Index Fund,ETF,N/A,N/A,PCX,USD,"The index measures the investment return of stocks issued by companies located in emerging market countries. The fund employs an indexing investment approach designed to track the performance of the FTSE Emerging Markets All Cap China A Inclusion Index. It invests by sampling the index, meaning that it holds a broadly diversified collection of securities that, in the aggregate, approximates the index in terms of key characteristics."
XLE,SPDR Select Sector Fund - Energ,The Energy Select Sector SPDR Fund,ETF,N/A,N/A,PCX,USD,"In seeking to track the performance of the index, the fund employs a replication strategy. It generally invests substantially all, but at least 95%, of its total assets in the securities comprising the index. The index includes companies that have been identified as Energy companies by the GICS®, including securities of companies from the following industries: oil, gas and consumable fuels; and energy equipment and services. It is non-diversified."
XLF,SPDR Select Sector Fund - Finan,The Financial Select Sector SPDR Fund,ETF,N/A,N/A,PCX,USD,"The fund generally invests substantially all, but at least 95%, of its total assets in the securities comprising the index. The index includes companies that have been identified as Financial companies by the Global Industry Classification Standard, including securities of companies from the following industries: financial services; insurance; banks; capital markets; mortgage real estate investment trusts; and consumer finance. The fund is non-diversified."
XLK,SPDR Select Sector Fund - Techn,The Technology Select Sector SPDR Fund,ETF,N/A,N/A,PCX,USD,"In seeking to track the performance of the index, the fund employs a replication strategy, which means that the fund typically invests in substantially all of the securities represented in the index in approximately the same proportions as the index. It generally invests substantially all, but at least 95%, of its total assets in the securities comprising the index. The fund is non-diversified."
XLV,SPDR Select Sector Fund - Healt,The Health Care Select Sector SPDR Fund,ETF,N/A,N/A,PCX,USD,"In seeking to track the performance of the index, the fund employs a replication strategy. It generally invests substantially all, but at least 95%, of its total assets in the securities comprising the index. The index includes companies from the following industries: pharmaceuticals; health care equipment & supplies; health care providers & services; biotechnology; life sciences tools & services; and health care technology. The fund is non-diversified."
XLY,SPDR Select Sector Fund - Consu,The Consumer Discretionary Select Sector SPDR Fund,ETF,N/A,N/A,PCX,USD,"The Advisor employs a replication strategy. The fund generally invests substantially all, but at least 95%, of its total assets in the securities comprising the index. The index includes companies that have been identified as Consumer Discretionary companies by the Global Industry Classification Standard (GICS®). It is non-diversified."
ZG,"Zillow Group, Inc.","Zillow Group, Inc.",EQUITY,Communication Services,Internet Content & Information,NMS,USD,"Zillow Group, Inc. operates real estate brands in mobile applications and Websites in the United States. The company offers premier agent and rentals marketplaces, new construction marketplaces, advertising, display advertising, and business technology solutions, as well as dotloop and floor plans. It also provides mortgage originations and the sale of mortgages, and advertising to mortgage lenders and other mortgage professionals; and title and escrow services. In addition, the company's brand portfolio includes Zillow Premier Agent, Zillow Home Loans, Zillow Rentals, Trulia, StreetEasy, HotPads, and Out East; and a suite of marketing software and technology solutions for the real estate industry, including ShowingTime+, Spruce, and Follow Up Boss. Zillow Group, Inc. was incorporated in 2004 and is headquartered in Seattle, Washington."
